ID,USERNAME,FIRSTNAME,LASTNAME,EMAIL,PASSWORD,PHONE,USERSTATUS
1,ldoyly0,Lu,D'Oyly,ldoyly0@paypal.com,vdRdDtQl,240-357-2912,3
1,sstoyell1,Shannen,Stoyell,sstoyell1@imdb.com,cWQKX80,942-202-6182,1
3,zbreckon2,Zitella,Breckon,zbreckon2@booking.com,xstaG7WZX,656-215-4986,1
active,dlinfoot3,Dacy,Linfoot,dlinfoot3@dailymotion.com,X3MzveUrUj,576-865-1426,3
3,jdonnan4,Jacinthe,Donnan,jdonnan4@fc2.com,2sTa9k6q,985-481-7743,1
1,dthomassin5,Dulcie,Thomassin,dthomassin5@baidu.com,jqd3CP7YYRW,166-259-5620,1
1,clangdale6,Constantine,Langdale,clangdale6@people.com.cn,IIPFlo,566-598-2968,3
active,mcaccavale7,Marcellina,Caccavale,mcaccavale7@opera.com,WowwNjp2bmRy,379-580-6486,3
1,cgauthorpp8,Corinne,Gauthorpp,cgauthorpp8@webmd.com,RcgtBG,965-624-9008,1
1,aayllett9,Arlena,Ayllett,aayllett9@mapy.cz,oxjAUXaSgY1,623-118-7183,3
active,mtebbotha,Melba,Tebboth,mtebbotha@canalblog.com,bpCb4bQm,993-191-6654,3
1,gleblondb,Glori,Le Blond,gleblondb@sbwire.com,aRwSswLzbE,712-694-5366,1
1,efidilisc,Evy,Fidilis,efidilisc@lycos.com,HMOyD3r7yX7,392-307-5440,3
active,dhowsond,Daniela,Howson,dhowsond@japanpost.jp,t9LJQki2jXN,561-707-6727,active
1,mtompkine,Maribeth,Tompkin,mtompkine@ebay.com,11XmLKz,576-554-6473,active
3,jmacellarf,Janenna,Macellar,jmacellarf@cargocollective.com,XFAoB15UHRtY,800-802-4558,1
1,bangelig,Belinda,Angeli,bangelig@soup.io,0Bhm5l,681-617-6349,active
1,ostpierreh,Olimpia,St. Pierre,ostpierreh@yahoo.co.jp,iDoyyHRggVU,784-661-1970,active
active,dfancetti,Dorelia,Fancett,dfancetti@diigo.com,d8X2Yo,915-295-9329,3
1,zpiotrowskij,Zola,Piotrowski,zpiotrowskij@bbb.org,Rzj1JcNZeaZ,434-959-1580,3